layer,type,module,k,n,numel,quant,group_size,scale_format,bytes_w8,bytes_w4
backbone.patch_embed.projection,nn.Conv2d,vision_2d,48,96,4608,INT4 symmetric,128,96 x fp16 group scales,4608,2496
backbone.stages.0.blocks.0.attn.w_msa.proj,nn.Linear,vision_2d,96,96,9216,INT4 symmetric,128,96 x fp16 group scales,9216,4800
backbone.stages.0.blocks.0.attn.w_msa.qkv,nn.Linear,vision_2d,96,288,27648,INT4 symmetric,128,288 x fp16 group scales,27648,14400
backbone.stages.0.blocks.0.ffn.layers.0.0,nn.Linear,vision_2d,96,384,36864,INT4 symmetric,128,384 x fp16 group scales,36864,19200
backbone.stages.0.blocks.0.ffn.layers.1,nn.Linear,vision_2d,384,96,36864,INT4 symmetric,128,288 x fp16 group scales,36864,19008
backbone.stages.0.blocks.1.attn.w_msa.proj,nn.Linear,vision_2d,96,96,9216,INT4 symmetric,128,96 x fp16 group scales,9216,4800
backbone.stages.0.blocks.1.attn.w_msa.qkv,nn.Linear,vision_2d,96,288,27648,INT4 symmetric,128,288 x fp16 group scales,27648,14400
backbone.stages.0.blocks.1.ffn.layers.0.0,nn.Linear,vision_2d,96,384,36864,INT4 symmetric,128,384 x fp16 group scales,36864,19200
backbone.stages.0.blocks.1.ffn.layers.1,nn.Linear,vision_2d,384,96,36864,INT4 symmetric,128,288 x fp16 group scales,36864,19008
backbone.stages.0.downsample.reduction,nn.Linear,vision_2d,384,192,73728,INT4 symmetric,128,576 x fp16 group scales,73728,38016
backbone.stages.1.blocks.0.attn.w_msa.proj,nn.Linear,vision_2d,192,192,36864,INT4 symmetric,128,384 x fp16 group scales,36864,19200
backbone.stages.1.blocks.0.attn.w_msa.qkv,nn.Linear,vision_2d,192,576,110592,INT4 symmetric,128,1152 x fp16 group scales,110592,57600
backbone.stages.1.blocks.0.ffn.layers.0.0,nn.Linear,vision_2d,192,768,147456,INT4 symmetric,128,1536 x fp16 group scales,147456,76800
backbone.stages.1.blocks.0.ffn.layers.1,nn.Linear,vision_2d,768,192,147456,INT4 symmetric,128,1152 x fp16 group scales,147456,76032
backbone.stages.1.blocks.1.attn.w_msa.proj,nn.Linear,vision_2d,192,192,36864,INT4 symmetric,128,384 x fp16 group scales,36864,19200
backbone.stages.1.blocks.1.attn.w_msa.qkv,nn.Linear,vision_2d,192,576,110592,INT4 symmetric,128,1152 x fp16 group scales,110592,57600
backbone.stages.1.blocks.1.ffn.layers.0.0,nn.Linear,vision_2d,192,768,147456,INT4 symmetric,128,1536 x fp16 group scales,147456,76800
backbone.stages.1.blocks.1.ffn.layers.1,nn.Linear,vision_2d,768,192,147456,INT4 symmetric,128,1152 x fp16 group scales,147456,76032
backbone.stages.1.downsample.reduction,nn.Linear,vision_2d,768,384,294912,INT4 symmetric,128,2304 x fp16 group scales,294912,152064
backbone.stages.2.blocks.0.attn.w_msa.proj,nn.Linear,vision_2d,384,384,147456,INT4 symmetric,128,1152 x fp16 group scales,147456,76032
backbone.stages.2.blocks.0.attn.w_msa.qkv,nn.Linear,vision_2d,384,1152,442368,INT4 symmetric,128,3456 x fp16 group scales,442368,228096
backbone.stages.2.blocks.0.ffn.layers.0.0,nn.Linear,vision_2d,384,1536,589824,INT4 symmetric,128,4608 x fp16 group scales,589824,304128
backbone.stages.2.blocks.0.ffn.layers.1,nn.Linear,vision_2d,1536,384,589824,INT4 symmetric,128,4608 x fp16 group scales,589824,304128
backbone.stages.2.blocks.1.attn.w_msa.proj,nn.Linear,vision_2d,384,384,147456,INT4 symmetric,128,1152 x fp16 group scales,147456,76032
backbone.stages.2.blocks.1.attn.w_msa.qkv,nn.Linear,vision_2d,384,1152,442368,INT4 symmetric,128,3456 x fp16 group scales,442368,228096
backbone.stages.2.blocks.1.ffn.layers.0.0,nn.Linear,vision_2d,384,1536,589824,INT4 symmetric,128,4608 x fp16 group scales,589824,304128
backbone.stages.2.blocks.1.ffn.layers.1,nn.Linear,vision_2d,1536,384,589824,INT4 symmetric,128,4608 x fp16 group scales,589824,304128
backbone.stages.2.blocks.2.attn.w_msa.proj,nn.Linear,vision_2d,384,384,147456,INT4 symmetric,128,1152 x fp16 group scales,147456,76032
backbone.stages.2.blocks.2.attn.w_msa.qkv,nn.Linear,vision_2d,384,1152,442368,INT4 symmetric,128,3456 x fp16 group scales,442368,228096
backbone.stages.2.blocks.2.ffn.layers.0.0,nn.Linear,vision_2d,384,1536,589824,INT4 symmetric,128,4608 x fp16 group scales,589824,304128
backbone.stages.2.blocks.2.ffn.layers.1,nn.Linear,vision_2d,1536,384,589824,INT4 symmetric,128,4608 x fp16 group scales,589824,304128
backbone.stages.2.blocks.3.attn.w_msa.proj,nn.Linear,vision_2d,384,384,147456,INT4 symmetric,128,1152 x fp16 group scales,147456,76032
backbone.stages.2.blocks.3.attn.w_msa.qkv,nn.Linear,vision_2d,384,1152,442368,INT4 symmetric,128,3456 x fp16 group scales,442368,228096
backbone.stages.2.blocks.3.ffn.layers.0.0,nn.Linear,vision_2d,384,1536,589824,INT4 symmetric,128,4608 x fp16 group scales,589824,304128
backbone.stages.2.blocks.3.ffn.layers.1,nn.Linear,vision_2d,1536,384,589824,INT4 symmetric,128,4608 x fp16 group scales,589824,304128
backbone.stages.2.blocks.4.attn.w_msa.proj,nn.Linear,vision_2d,384,384,147456,INT4 symmetric,128,1152 x fp16 group scales,147456,76032
backbone.stages.2.blocks.4.attn.w_msa.qkv,nn.Linear,vision_2d,384,1152,442368,INT4 symmetric,128,3456 x fp16 group scales,442368,228096
backbone.stages.2.blocks.4.ffn.layers.0.0,nn.Linear,vision_2d,384,1536,589824,INT4 symmetric,128,4608 x fp16 group scales,589824,304128
backbone.stages.2.blocks.4.ffn.layers.1,nn.Linear,vision_2d,1536,384,589824,INT4 symmetric,128,4608 x fp16 group scales,589824,304128
backbone.stages.2.blocks.5.attn.w_msa.proj,nn.Linear,vision_2d,384,384,147456,INT4 symmetric,128,1152 x fp16 group scales,147456,76032
backbone.stages.2.blocks.5.attn.w_msa.qkv,nn.Linear,vision_2d,384,1152,442368,INT4 symmetric,128,3456 x fp16 group scales,442368,228096
backbone.stages.2.blocks.5.ffn.layers.0.0,nn.Linear,vision_2d,384,1536,589824,INT4 symmetric,128,4608 x fp16 group scales,589824,304128
backbone.stages.2.blocks.5.ffn.layers.1,nn.Linear,vision_2d,1536,384,589824,INT4 symmetric,128,4608 x fp16 group scales,589824,304128
backbone.stages.2.downsample.reduction,nn.Linear,vision_2d,1536,768,1179648,INT4 symmetric,128,9216 x fp16 group scales,1179648,608256
backbone.stages.3.blocks.0.attn.w_msa.proj,nn.Linear,vision_2d,768,768,589824,INT4 symmetric,128,4608 x fp16 group scales,589824,304128
backbone.stages.3.blocks.0.attn.w_msa.qkv,nn.Linear,vision_2d,768,2304,1769472,INT4 symmetric,128,13824 x fp16 group scales,1769472,912384
backbone.stages.3.blocks.0.ffn.layers.0.0,nn.Linear,vision_2d,768,3072,2359296,INT4 symmetric,128,18432 x fp16 group scales,2359296,1216512
backbone.stages.3.blocks.0.ffn.layers.1,nn.Linear,vision_2d,3072,768,2359296,INT4 symmetric,128,18432 x fp16 group scales,2359296,1216512
backbone.stages.3.blocks.1.attn.w_msa.proj,nn.Linear,vision_2d,768,768,589824,INT4 symmetric,128,4608 x fp16 group scales,589824,304128
backbone.stages.3.blocks.1.attn.w_msa.qkv,nn.Linear,vision_2d,768,2304,1769472,INT4 symmetric,128,13824 x fp16 group scales,1769472,912384
backbone.stages.3.blocks.1.ffn.layers.0.0,nn.Linear,vision_2d,768,3072,2359296,INT4 symmetric,128,18432 x fp16 group scales,2359296,1216512
backbone.stages.3.blocks.1.ffn.layers.1,nn.Linear,vision_2d,3072,768,2359296,INT4 symmetric,128,18432 x fp16 group scales,2359296,1216512
neck.convs.0.0,nn.Conv2d,neck_convs,192,256,49152,INT4 symmetric,-,1 x fp32 per-tensor scale,49152,24580
neck.convs.1.0,nn.Conv2d,neck_convs,384,256,98304,INT4 symmetric,-,1 x fp32 per-tensor scale,98304,49156
neck.convs.2.0,nn.Conv2d,neck_convs,768,256,196608,INT4 symmetric,-,1 x fp32 per-tensor scale,196608,98308
neck.extra_convs.0.0,nn.Conv2d,neck_convs,6912,256,1769472,INT4 symmetric,-,1 x fp32 per-tensor scale,1769472,884740
text_encoder.language_backbone.body.model.encoder.layer.0.attention.output.dense,nn.Linear,text_bert,768,768,589824,INT4 symmetric,-,1 x fp32 per-tensor scale,589824,294916
text_encoder.language_backbone.body.model.encoder.layer.0.attention.self.key,nn.Linear,text_bert,768,768,589824,INT4 symmetric,-,1 x fp32 per-tensor scale,589824,294916
text_encoder.language_backbone.body.model.encoder.layer.0.attention.self.query,nn.Linear,text_bert,768,768,589824,INT4 symmetric,-,1 x fp32 per-tensor scale,589824,294916
text_encoder.language_backbone.body.model.encoder.layer.0.attention.self.value,nn.Linear,text_bert,768,768,589824,INT4 symmetric,-,1 x fp32 per-tensor scale,589824,294916
text_encoder.language_backbone.body.model.encoder.layer.0.intermediate.dense,nn.Linear,text_bert,768,3072,2359296,INT4 symmetric,-,1 x fp32 per-tensor scale,2359296,1179652
text_encoder.language_backbone.body.model.encoder.layer.0.output.dense,nn.Linear,text_bert,3072,768,2359296,INT4 symmetric,-,1 x fp32 per-tensor scale,2359296,1179652
text_encoder.language_backbone.body.model.encoder.layer.1.attention.output.dense,nn.Linear,text_bert,768,768,589824,INT4 symmetric,-,1 x fp32 per-tensor scale,589824,294916
text_encoder.language_backbone.body.model.encoder.layer.1.attention.self.key,nn.Linear,text_bert,768,768,589824,INT4 symmetric,-,1 x fp32 per-tensor scale,589824,294916
text_encoder.language_backbone.body.model.encoder.layer.1.attention.self.query,nn.Linear,text_bert,768,768,589824,INT4 symmetric,-,1 x fp32 per-tensor scale,589824,294916
text_encoder.language_backbone.body.model.encoder.layer.1.attention.self.value,nn.Linear,text_bert,768,768,589824,INT4 symmetric,-,1 x fp32 per-tensor scale,589824,294916
text_encoder.language_backbone.body.model.encoder.layer.1.intermediate.dense,nn.Linear,text_bert,768,3072,2359296,INT4 symmetric,-,1 x fp32 per-tensor scale,2359296,1179652
text_encoder.language_backbone.body.model.encoder.layer.1.output.dense,nn.Linear,text_bert,3072,768,2359296,INT4 symmetric,-,1 x fp32 per-tensor scale,2359296,1179652
text_encoder.language_backbone.body.model.encoder.layer.10.attention.output.dense,nn.Linear,text_bert,768,768,589824,INT4 symmetric,-,1 x fp32 per-tensor scale,589824,294916
text_encoder.language_backbone.body.model.encoder.layer.10.attention.self.key,nn.Linear,text_bert,768,768,589824,INT4 symmetric,-,1 x fp32 per-tensor scale,589824,294916
text_encoder.language_backbone.body.model.encoder.layer.10.attention.self.query,nn.Linear,text_bert,768,768,589824,INT4 symmetric,-,1 x fp32 per-tensor scale,589824,294916
text_encoder.language_backbone.body.model.encoder.layer.10.attention.self.value,nn.Linear,text_bert,768,768,589824,INT4 symmetric,-,1 x fp32 per-tensor scale,589824,294916
text_encoder.language_backbone.body.model.encoder.layer.10.intermediate.dense,nn.Linear,text_bert,768,3072,2359296,INT4 symmetric,-,1 x fp32 per-tensor scale,2359296,1179652
text_encoder.language_backbone.body.model.encoder.layer.10.output.dense,nn.Linear,text_bert,3072,768,2359296,INT4 symmetric,-,1 x fp32 per-tensor scale,2359296,1179652
text_encoder.language_backbone.body.model.encoder.layer.11.attention.output.dense,nn.Linear,text_bert,768,768,589824,INT4 symmetric,-,1 x fp32 per-tensor scale,589824,294916
text_encoder.language_backbone.body.model.encoder.layer.11.attention.self.key,nn.Linear,text_bert,768,768,589824,INT4 symmetric,-,1 x fp32 per-tensor scale,589824,294916
text_encoder.language_backbone.body.model.encoder.layer.11.attention.self.query,nn.Linear,text_bert,768,768,589824,INT4 symmetric,-,1 x fp32 per-tensor scale,589824,294916
text_encoder.language_backbone.body.model.encoder.layer.11.attention.self.value,nn.Linear,text_bert,768,768,589824,INT4 symmetric,-,1 x fp32 per-tensor scale,589824,294916
text_encoder.language_backbone.body.model.encoder.layer.11.intermediate.dense,nn.Linear,text_bert,768,3072,2359296,INT4 symmetric,-,1 x fp32 per-tensor scale,2359296,1179652
text_encoder.language_backbone.body.model.encoder.layer.11.output.dense,nn.Linear,text_bert,3072,768,2359296,INT4 symmetric,-,1 x fp32 per-tensor scale,2359296,1179652
text_encoder.language_backbone.body.model.encoder.layer.2.attention.output.dense,nn.Linear,text_bert,768,768,589824,INT4 symmetric,-,1 x fp32 per-tensor scale,589824,294916
text_encoder.language_backbone.body.model.encoder.layer.2.attention.self.key,nn.Linear,text_bert,768,768,589824,INT4 symmetric,-,1 x fp32 per-tensor scale,589824,294916
text_encoder.language_backbone.body.model.encoder.layer.2.attention.self.query,nn.Linear,text_bert,768,768,589824,INT4 symmetric,-,1 x fp32 per-tensor scale,589824,294916
text_encoder.language_backbone.body.model.encoder.layer.2.attention.self.value,nn.Linear,text_bert,768,768,589824,INT4 symmetric,-,1 x fp32 per-tensor scale,589824,294916
text_encoder.language_backbone.body.model.encoder.layer.2.intermediate.dense,nn.Linear,text_bert,768,3072,2359296,INT4 symmetric,-,1 x fp32 per-tensor scale,2359296,1179652
text_encoder.language_backbone.body.model.encoder.layer.2.output.dense,nn.Linear,text_bert,3072,768,2359296,INT4 symmetric,-,1 x fp32 per-tensor scale,2359296,1179652
text_encoder.language_backbone.body.model.encoder.layer.3.attention.output.dense,nn.Linear,text_bert,768,768,589824,INT4 symmetric,-,1 x fp32 per-tensor scale,589824,294916
text_encoder.language_backbone.body.model.encoder.layer.3.attention.self.key,nn.Linear,text_bert,768,768,589824,INT4 symmetric,-,1 x fp32 per-tensor scale,589824,294916
text_encoder.language_backbone.body.model.encoder.layer.3.attention.self.query,nn.Linear,text_bert,768,768,589824,INT4 symmetric,-,1 x fp32 per-tensor scale,589824,294916
text_encoder.language_backbone.body.model.encoder.layer.3.attention.self.value,nn.Linear,text_bert,768,768,589824,INT4 symmetric,-,1 x fp32 per-tensor scale,589824,294916
text_encoder.language_backbone.body.model.encoder.layer.3.intermediate.dense,nn.Linear,text_bert,768,3072,2359296,INT4 symmetric,-,1 x fp32 per-tensor scale,2359296,1179652
text_encoder.language_backbone.body.model.encoder.layer.3.output.dense,nn.Linear,text_bert,3072,768,2359296,INT4 symmetric,-,1 x fp32 per-tensor scale,2359296,1179652
text_encoder.language_backbone.body.model.encoder.layer.4.attention.output.dense,nn.Linear,text_bert,768,768,589824,INT4 symmetric,-,1 x fp32 per-tensor scale,589824,294916
text_encoder.language_backbone.body.model.encoder.layer.4.attention.self.key,nn.Linear,text_bert,768,768,589824,INT4 symmetric,-,1 x fp32 per-tensor scale,589824,294916
text_encoder.language_backbone.body.model.encoder.layer.4.attention.self.query,nn.Linear,text_bert,768,768,589824,INT4 symmetric,-,1 x fp32 per-tensor scale,589824,294916
text_encoder.language_backbone.body.model.encoder.layer.4.attention.self.value,nn.Linear,text_bert,768,768,589824,INT4 symmetric,-,1 x fp32 per-tensor scale,589824,294916
text_encoder.language_backbone.body.model.encoder.layer.4.intermediate.dense,nn.Linear,text_bert,768,3072,2359296,INT4 symmetric,-,1 x fp32 per-tensor scale,2359296,1179652
text_encoder.language_backbone.body.model.encoder.layer.4.output.dense,nn.Linear,text_bert,3072,768,2359296,INT4 symmetric,-,1 x fp32 per-tensor scale,2359296,1179652
text_encoder.language_backbone.body.model.encoder.layer.5.attention.output.dense,nn.Linear,text_bert,768,768,589824,INT4 symmetric,-,1 x fp32 per-tensor scale,589824,294916
text_encoder.language_backbone.body.model.encoder.layer.5.attention.self.key,nn.Linear,text_bert,768,768,589824,INT4 symmetric,-,1 x fp32 per-tensor scale,589824,294916
text_encoder.language_backbone.body.model.encoder.layer.5.attention.self.query,nn.Linear,text_bert,768,768,589824,INT4 symmetric,-,1 x fp32 per-tensor scale,589824,294916
text_encoder.language_backbone.body.model.encoder.layer.5.attention.self.value,nn.Linear,text_bert,768,768,589824,INT4 symmetric,-,1 x fp32 per-tensor scale,589824,294916
text_encoder.language_backbone.body.model.encoder.layer.5.intermediate.dense,nn.Linear,text_bert,768,3072,2359296,INT4 symmetric,-,1 x fp32 per-tensor scale,2359296,1179652
text_encoder.language_backbone.body.model.encoder.layer.5.output.dense,nn.Linear,text_bert,3072,768,2359296,INT4 symmetric,-,1 x fp32 per-tensor scale,2359296,1179652
text_encoder.language_backbone.body.model.encoder.layer.6.attention.output.dense,nn.Linear,text_bert,768,768,589824,INT4 symmetric,-,1 x fp32 per-tensor scale,589824,294916
text_encoder.language_backbone.body.model.encoder.layer.6.attention.self.key,nn.Linear,text_bert,768,768,589824,INT4 symmetric,-,1 x fp32 per-tensor scale,589824,294916
text_encoder.language_backbone.body.model.encoder.layer.6.attention.self.query,nn.Linear,text_bert,768,768,589824,INT4 symmetric,-,1 x fp32 per-tensor scale,589824,294916
text_encoder.language_backbone.body.model.encoder.layer.6.attention.self.value,nn.Linear,text_bert,768,768,589824,INT4 symmetric,-,1 x fp32 per-tensor scale,589824,294916
text_encoder.language_backbone.body.model.encoder.layer.6.intermediate.dense,nn.Linear,text_bert,768,3072,2359296,INT4 symmetric,-,1 x fp32 per-tensor scale,2359296,1179652
text_encoder.language_backbone.body.model.encoder.layer.6.output.dense,nn.Linear,text_bert,3072,768,2359296,INT4 symmetric,-,1 x fp32 per-tensor scale,2359296,1179652
text_encoder.language_backbone.body.model.encoder.layer.7.attention.output.dense,nn.Linear,text_bert,768,768,589824,INT4 symmetric,-,1 x fp32 per-tensor scale,589824,294916
text_encoder.language_backbone.body.model.encoder.layer.7.attention.self.key,nn.Linear,text_bert,768,768,589824,INT4 symmetric,-,1 x fp32 per-tensor scale,589824,294916
text_encoder.language_backbone.body.model.encoder.layer.7.attention.self.query,nn.Linear,text_bert,768,768,589824,INT4 symmetric,-,1 x fp32 per-tensor scale,589824,294916
text_encoder.language_backbone.body.model.encoder.layer.7.attention.self.value,nn.Linear,text_bert,768,768,589824,INT4 symmetric,-,1 x fp32 per-tensor scale,589824,294916
text_encoder.language_backbone.body.model.encoder.layer.7.intermediate.dense,nn.Linear,text_bert,768,3072,2359296,INT4 symmetric,-,1 x fp32 per-tensor scale,2359296,1179652
text_encoder.language_backbone.body.model.encoder.layer.7.output.dense,nn.Linear,text_bert,3072,768,2359296,INT4 symmetric,-,1 x fp32 per-tensor scale,2359296,1179652
text_encoder.language_backbone.body.model.encoder.layer.8.attention.output.dense,nn.Linear,text_bert,768,768,589824,INT4 symmetric,-,1 x fp32 per-tensor scale,589824,294916
text_encoder.language_backbone.body.model.encoder.layer.8.attention.self.key,nn.Linear,text_bert,768,768,589824,INT4 symmetric,-,1 x fp32 per-tensor scale,589824,294916
text_encoder.language_backbone.body.model.encoder.layer.8.attention.self.query,nn.Linear,text_bert,768,768,589824,INT4 symmetric,-,1 x fp32 per-tensor scale,589824,294916
text_encoder.language_backbone.body.model.encoder.layer.8.attention.self.value,nn.Linear,text_bert,768,768,589824,INT4 symmetric,-,1 x fp32 per-tensor scale,589824,294916
text_encoder.language_backbone.body.model.encoder.layer.8.intermediate.dense,nn.Linear,text_bert,768,3072,2359296,INT4 symmetric,-,1 x fp32 per-tensor scale,2359296,1179652
text_encoder.language_backbone.body.model.encoder.layer.8.output.dense,nn.Linear,text_bert,3072,768,2359296,INT4 symmetric,-,1 x fp32 per-tensor scale,2359296,1179652
text_encoder.language_backbone.body.model.encoder.layer.9.attention.output.dense,nn.Linear,text_bert,768,768,589824,INT4 symmetric,-,1 x fp32 per-tensor scale,589824,294916
text_encoder.language_backbone.body.model.encoder.layer.9.attention.self.key,nn.Linear,text_bert,768,768,589824,INT4 symmetric,-,1 x fp32 per-tensor scale,589824,294916
text_encoder.language_backbone.body.model.encoder.layer.9.attention.self.query,nn.Linear,text_bert,768,768,589824,INT4 symmetric,-,1 x fp32 per-tensor scale,589824,294916
text_encoder.language_backbone.body.model.encoder.layer.9.attention.self.value,nn.Linear,text_bert,768,768,589824,INT4 symmetric,-,1 x fp32 per-tensor scale,589824,294916
text_encoder.language_backbone.body.model.encoder.layer.9.intermediate.dense,nn.Linear,text_bert,768,3072,2359296,INT4 symmetric,-,1 x fp32 per-tensor scale,2359296,1179652
text_encoder.language_backbone.body.model.encoder.layer.9.output.dense,nn.Linear,text_bert,3072,768,2359296,INT4 symmetric,-,1 x fp32 per-tensor scale,2359296,1179652
